{"flutter":{"platforms":{"android":{"default":{"projectId":"fitgenius-58ca2","appId":"1:947087409633:android:a4f4fce4028b39820e52a0","fileOutput":"android/app/google-services.json"}},"ios":{"default":{"projectId":"fitgenius-58ca2","appId":"1:947087409633:ios:3233b349fb3a7cfe0e52a0","uploadDebugSymbols":false,"fileOutput":"ios/Runner/GoogleService-Info.plist"}},"macos":{"default":{"projectId":"fitgenius-58ca2","appId":"1:947087409633:ios:3233b349fb3a7cfe0e52a0","uploadDebugSymbols":false,"fileOutput":"macos/Runner/GoogleService-Info.plist"}},"dart":{"lib/firebase_options.dart":{"projectId":"fitgenius-58ca2","configurations":{"android":"1:947087409633:android:a4f4fce4028b39820e52a0","ios":"1:947087409633:ios:3233b349fb3a7cfe0e52a0","macos":"1:947087409633:ios:3233b349fb3a7cfe0e52a0","web":"1:947087409633:web:c36d2d59d5dc54c70e52a0","windows":"1:947087409633:web:b0a6b32a062c41bc0e52a0"}}}}}}